"","Source","Target","shared_keywords","new_theme1","new_theme2"
"1",1,2,3,"Safety","Risk"
"2",2,6,3,"Risk","Safety"
"3",3,6,3,"Travel","Safety"
"4",4,37,3,"Safety","Safety"
"5",5,67,6,"Safety","Network"
"6",6,30,3,"Safety","Travel"
"7",6,39,3,"Safety","Safety"
"8",7,19,6,"Activity","Safety"
"9",8,19,3,"Activity","Safety"
"10",9,19,3,"Activity","Safety"
"11",2,19,3,"Risk","Safety"
"12",10,19,3,"Activity","Safety"
"13",11,19,3,"Activity","Safety"
"14",12,19,3,"Activity","Safety"
"15",13,19,4,"Activity","Safety"
"16",14,19,3,"Environmental","Safety"
"17",15,19,5,"Activity","Safety"
"18",16,19,4,"Activity","Safety"
"19",17,19,3,"Activity","Safety"
"20",18,19,3,"Travel","Safety"
"21",5,71,6,"Safety","Network"
"22",6,22,3,"Safety","Network"
"23",19,22,3,"Safety","Network"
"24",19,72,3,"Safety","Activity"
"25",6,24,3,"Safety","Network"
"26",19,38,4,"Safety","Safety"
"27",20,25,4,"Activity","Safety"
"28",21,25,3,"Travel","Safety"
"29",22,25,3,"Network","Safety"
"30",23,25,3,"Network","Safety"
"31",19,32,4,"Safety","Activity"
"32",19,33,4,"Safety","Activity"
"33",19,34,4,"Safety","Activity"
"34",19,73,3,"Safety","Activity"
"35",18,46,3,"Travel","Safety"
"36",19,46,3,"Safety","Safety"
"37",22,46,3,"Network","Safety"
"38",24,46,4,"Network","Safety"
"39",23,46,3,"Network","Safety"
"40",25,46,4,"Safety","Safety"
"41",26,53,3,"Risk","Safety"
"42",27,53,3,"Risk","Safety"
"43",2,53,3,"Risk","Safety"
"44",28,53,3,"Travel","Safety"
"45",12,53,3,"Activity","Safety"
"46",6,53,3,"Safety","Safety"
"47",29,53,3,"Activity","Safety"
"48",30,53,3,"Travel","Safety"
"49",15,53,3,"Activity","Safety"
"50",24,53,6,"Network","Safety"
"51",31,53,3,"Network","Safety"
"52",32,53,3,"Activity","Safety"
"53",33,53,3,"Activity","Safety"
"54",34,53,3,"Activity","Safety"
"55",35,47,3,"Environmental","Safety"
"56",19,74,4,"Safety","Activity"
"57",36,45,3,"Safety","Safety"
"58",19,45,3,"Safety","Safety"
"59",37,68,3,"Safety","Activity"
"60",19,68,6,"Safety","Activity"
"61",38,68,4,"Safety","Activity"
"62",39,40,3,"Safety","Network"
"63",19,75,4,"Safety","Activity"
"64",39,76,5,"Safety","Safety"
"65",40,76,3,"Network","Safety"
"66",19,77,3,"Safety","Environmental"
"67",38,77,3,"Safety","Environmental"
"68",6,49,3,"Safety","Travel"
"69",41,78,3,"Travel","Safety"
"70",22,78,3,"Network","Safety"
"71",42,78,3,"Travel","Safety"
"72",19,79,3,"Safety","Activity"
"73",43,80,3,"Safety","Safety"
"74",44,80,7,"Safety","Safety"
"75",6,48,3,"Safety","Safety"
"76",39,48,3,"Safety","Safety"
"77",19,81,3,"Safety","Risk"
"78",45,81,3,"Safety","Risk"
"79",2,50,3,"Risk","Safety"
"80",6,50,3,"Safety","Safety"
"81",39,50,3,"Safety","Safety"
"82",25,50,3,"Safety","Safety"
"83",35,50,3,"Environmental","Safety"
"84",46,50,3,"Safety","Safety"
"85",47,50,7,"Safety","Safety"
"86",48,50,4,"Safety","Safety"
"87",35,82,3,"Environmental","Safety"
"88",47,82,6,"Safety","Safety"
"89",49,82,4,"Travel","Safety"
"90",50,82,5,"Safety","Safety"
"91",2,55,3,"Risk","Safety"
"92",6,55,3,"Safety","Safety"
"93",51,55,4,"Travel","Safety"
"94",29,55,3,"Activity","Safety"
"95",30,55,3,"Travel","Safety"
"96",39,55,3,"Safety","Safety"
"97",18,55,3,"Travel","Safety"
"98",19,55,3,"Safety","Safety"
"99",22,55,3,"Network","Safety"
"100",52,55,3,"Activity","Safety"
"101",24,55,3,"Network","Safety"
"102",25,55,4,"Safety","Safety"
"103",46,55,4,"Safety","Safety"
"104",53,55,3,"Safety","Safety"
"105",40,55,3,"Network","Safety"
"106",54,55,3,"Environmental","Safety"
"107",25,66,3,"Safety","Safety"
"108",25,83,3,"Safety","Integrated"
"109",19,84,3,"Safety","Activity"
"110",19,85,4,"Safety","Activity"
"111",19,86,3,"Safety","Activity"
"112",25,87,3,"Safety","Environmental"
"113",51,58,3,"Travel","Safety"
"114",55,58,5,"Safety","Safety"
"115",25,59,4,"Safety","Safety"
"116",46,59,6,"Safety","Safety"
"117",47,59,3,"Safety","Safety"
"118",40,59,3,"Network","Safety"
"119",50,59,4,"Safety","Safety"
"120",55,59,3,"Safety","Safety"
"121",56,59,3,"Travel","Safety"
"122",57,59,3,"Sustainable","Safety"
"123",55,63,3,"Safety","Safety"
"124",58,63,3,"Safety","Safety"
"125",13,88,3,"Activity","Safety"
"126",19,88,3,"Safety","Safety"
"127",25,70,3,"Safety","Safety"
"128",46,89,5,"Safety","Safety"
"129",59,89,4,"Safety","Safety"
"130",19,90,3,"Safety","Environmental"
"131",38,90,5,"Safety","Environmental"
"132",60,91,3,"Safety","Network"
"133",53,92,3,"Safety","Travel"
"134",61,93,7,"Safety","Safety"
"135",62,94,3,"Safety","Economic"
"136",53,95,3,"Safety","Travel"
"137",53,96,3,"Safety","Travel"
"138",19,97,3,"Safety","Activity"
"139",6,98,3,"Safety","Travel"
"140",55,98,3,"Safety","Travel"
"141",63,98,3,"Safety","Travel"
"142",25,99,3,"Safety","Transport"
"143",6,100,3,"Safety","Travel"
"144",25,101,6,"Safety","Transport"
"145",55,101,3,"Safety","Transport"
"146",57,102,3,"Sustainable","Safety"
"147",59,102,3,"Safety","Safety"
"148",19,103,3,"Safety","Activity"
"149",53,103,3,"Safety","Activity"
"150",19,104,5,"Safety","Activity"
"151",19,105,3,"Safety","Activity"
"152",64,106,3,"Environmental","Safety"
"153",19,107,4,"Safety","Activity"
"154",43,108,3,"Safety","Safety"
"155",65,109,7,"Safety","Healthy"
"156",66,110,3,"Safety","Healthy"
"157",50,111,3,"Safety","Safety"
"158",4,112,3,"Safety","Activity"
"159",37,112,4,"Safety","Activity"
"160",19,112,5,"Safety","Activity"
"161",19,113,3,"Safety","Activity"
"162",6,114,3,"Safety","Safety"
"163",39,114,3,"Safety","Safety"
"164",48,114,5,"Safety","Safety"
"165",50,114,4,"Safety","Safety"
"166",7,115,3,"Activity","Safety"
"167",67,115,3,"Network","Safety"
"168",18,115,3,"Travel","Safety"
"169",19,115,4,"Safety","Safety"
"170",22,115,3,"Network","Safety"
"171",46,115,3,"Safety","Safety"
"172",68,115,3,"Activity","Safety"
"173",55,115,3,"Safety","Safety"
"174",69,115,3,"Economic","Safety"
"175",70,116,3,"Safety","Travel"
